model,test_accuracy,cv_mean,cv_std
SVM,0.8991596638655462,0.905870086539464,0.0243819518928657
RandomForest,0.8991596638655462,0.874090292983005,0.0149597962869134
CNN,0.3,0.5,0.0
