model,test_accuracy,cv_mean,cv_std
SVM,0.8991596638655462,0.9058700865394641,0.024381951892865773
RandomForest,0.8991596638655462,0.874090292983005,0.014959796286913454
