{
  "val": {
    "IoU@0.3": {
      "precision": 0.019983347210657785,
      "recall": 0.1791044776119403,
      "f1": 0.035955056179775284,
      "tp": 24,
      "fp": 1177,
      "fn": 110
    },
    "IoU@0.5": {
      "precision": 0.014154870940882597,
      "recall": 0.12686567164179105,
      "f1": 0.025468164794007486,
      "tp": 17,
      "fp": 1184,
      "fn": 117
    },
    "IoU@0.7": {
      "precision": 0.012489592006661115,
      "recall": 0.11194029850746269,
      "f1": 0.022471910112359553,
      "tp": 15,
      "fp": 1186,
      "fn": 119
    }
  },
  "test": {
    "IoU@0.3": {
      "precision": 0.026338147833474938,
      "recall": 0.2605042016806723,
      "f1": 0.047839506172839504,
      "tp": 31,
      "fp": 1146,
      "fn": 88
    },
    "IoU@0.5": {
      "precision": 0.018691588785046728,
      "recall": 0.18487394957983194,
      "f1": 0.033950617283950615,
      "tp": 22,
      "fp": 1155,
      "fn": 97
    },
    "IoU@0.7": {
      "precision": 0.015293118096856415,
      "recall": 0.15126050420168066,
      "f1": 0.027777777777777776,
      "tp": 18,
      "fp": 1159,
      "fn": 101
    }
  }
}