{
  "split": "test",
  "tag": "rf",
  "acc": 0.8833333333333333,
  "infer_sec": 0.16281795501708984,
  "report": {
    "information--pedestrians-crossing--g1": {
      "precision": 1.0,
      "recall": 0.8518518518518519,
      "f1-score": 0.92,
      "support": 27.0
    },
    "other-sign": {
      "precision": 0.8,
      "recall": 0.9565217391304348,
      "f1-score": 0.8712871287128713,
      "support": 46.0
    },
    "regulatory--no-entry--g1": {
      "precision": 0.875,
      "recall": 0.875,
      "f1-score": 0.875,
      "support": 16.0
    },
    "regulatory--stop--g1": {
      "precision": 0.9090909090909091,
      "recall": 0.6666666666666666,
      "f1-score": 0.7692307692307693,
      "support": 15.0
    },
    "regulatory--yield--g1": {
      "precision": 1.0,
      "recall": 0.9375,
      "f1-score": 0.967741935483871,
      "support": 16.0
    },
    "accuracy": 0.8833333333333333,
    "macro avg": {
      "precision": 0.9168181818181818,
      "recall": 0.8575080515297906,
      "f1-score": 0.8806519666855023,
      "support": 120.0
    },
    "weighted avg": {
      "precision": 0.8953030303030304,
      "recall": 0.8833333333333333,
      "f1-score": 0.8828461702249629,
      "support": 120.0
    }
  }
}