{
  "split": "val",
  "tag": "rf",
  "acc": 0.875,
  "infer_sec": 0.19869112968444824,
  "report": {
    "information--pedestrians-crossing--g1": {
      "precision": 0.9444444444444444,
      "recall": 0.8095238095238095,
      "f1-score": 0.8717948717948718,
      "support": 21.0
    },
    "other-sign": {
      "precision": 0.8125,
      "recall": 0.9701492537313433,
      "f1-score": 0.8843537414965986,
      "support": 67.0
    },
    "regulatory--no-entry--g1": {
      "precision": 1.0,
      "recall": 0.875,
      "f1-score": 0.9333333333333333,
      "support": 16.0
    },
    "regulatory--stop--g1": {
      "precision": 0.9090909090909091,
      "recall": 0.6666666666666666,
      "f1-score": 0.7692307692307693,
      "support": 15.0
    },
    "regulatory--yield--g1": {
      "precision": 1.0,
      "recall": 0.7647058823529411,
      "f1-score": 0.8666666666666667,
      "support": 17.0
    },
    "accuracy": 0.875,
    "macro avg": {
      "precision": 0.9332070707070708,
      "recall": 0.8172091224549523,
      "f1-score": 0.865075876504448,
      "support": 136.0
    },
    "weighted avg": {
      "precision": 0.8890235071301248,
      "recall": 0.875,
      "f1-score": 0.8732685381845046,
      "support": 136.0
    }
  }
}