{
  "split": "test",
  "tag": "svm",
  "acc": 0.9166666666666666,
  "infer_sec": 0.006673097610473633,
  "report": {
    "information--pedestrians-crossing--g1": {
      "precision": 1.0,
      "recall": 0.9259259259259259,
      "f1-score": 0.9615384615384616,
      "support": 27.0
    },
    "other-sign": {
      "precision": 0.875,
      "recall": 0.9130434782608695,
      "f1-score": 0.8936170212765957,
      "support": 46.0
    },
    "regulatory--no-entry--g1": {
      "precision": 0.8823529411764706,
      "recall": 0.9375,
      "f1-score": 0.9090909090909091,
      "support": 16.0
    },
    "regulatory--stop--g1": {
      "precision": 0.8666666666666667,
      "recall": 0.8666666666666667,
      "f1-score": 0.8666666666666667,
      "support": 15.0
    },
    "regulatory--yield--g1": {
      "precision": 1.0,
      "recall": 0.9375,
      "f1-score": 0.967741935483871,
      "support": 16.0
    },
    "accuracy": 0.9166666666666666,
    "macro avg": {
      "precision": 0.9248039215686275,
      "recall": 0.9161272141706924,
      "f1-score": 0.9197309988113009,
      "support": 120.0
    },
    "weighted avg": {
      "precision": 0.9197303921568628,
      "recall": 0.9166666666666666,
      "f1-score": 0.9174770579454863,
      "support": 120.0
    }
  }
}